السنة,المادة,الفصل,عنوان الدرس,الرابط,الأستاذ,ملاحظة,التاريخ,الترتيب
1,المعلوماتية,,الملف الكامل: كل وحدات المعلوماتية (14 وحدة),lessons/1am/info/1am-info-kamil.pdf,,16 صفحة · المصدر: dzexams.com,01/10/2026,0
1,المعلوماتية,,الوحدة 1: مكونات الحاسب الآلي,lessons/1am/info/1am-info-01.pdf,,صفحتان,01/10/2026,1
1,المعلوماتية,,الوحدة 2: استخدام الحاسب الآلي: نظام التشغيل,lessons/1am/info/1am-info-02.pdf,,صفحتان,01/10/2026,2
1,المعلوماتية,,الوحدة 3: استعمال الفأرة,lessons/1am/info/1am-info-03.pdf,,صفحة واحدة,01/10/2026,3
1,المعلوماتية,,الوحدة 4: استعمال برنامج الحاسبة,lessons/1am/info/1am-info-04.pdf,,صفحة واحدة,01/10/2026,4
1,المعلوماتية,,الوحدة 5: استعمال برنامج الرسام,lessons/1am/info/1am-info-05.pdf,,صفحة واحدة,01/10/2026,5
1,المعلوماتية,,الوحدة 6: استعمال لوحة المفاتيح,lessons/1am/info/1am-info-06.pdf,,صفحة واحدة,01/10/2026,6
1,المعلوماتية,,الوحدة 7: استعمال الأقراص,lessons/1am/info/1am-info-07.pdf,,صفحة واحدة,01/10/2026,7
1,المعلوماتية,,الوحدة 8: عرض معالج النصوص,lessons/1am/info/1am-info-08.pdf,,صفحة واحدة,01/10/2026,8
1,المعلوماتية,,الوحدة 9: العمليات على الوثيقة,lessons/1am/info/1am-info-09.pdf,,صفحة واحدة,01/10/2026,9
1,المعلوماتية,,الوحدة 10: كتابة فقرة,lessons/1am/info/1am-info-10.pdf,,صفحة واحدة,01/10/2026,10
1,المعلوماتية,,الوحدة 11: التنسيق,lessons/1am/info/1am-info-11.pdf,,صفحة واحدة,01/10/2026,11
1,المعلوماتية,,الوحدة 12: إدراج الصور,lessons/1am/info/1am-info-12.pdf,,صفحة واحدة,01/10/2026,12
1,المعلوماتية,,الوحدة 13: مفهوم الشبكة,lessons/1am/info/1am-info-13.pdf,,صفحة واحدة,01/10/2026,13
1,المعلوماتية,,الوحدة 14: استعمال الشبكات,lessons/1am/info/1am-info-14.pdf,,صفحة واحدة,01/10/2026,14
